iter	Logloss
0	0.6233102643
1	0.5682902004
2	0.5211719133
3	0.4762035349
4	0.4400779392
